1,James,Gilbert,james.gilbert@mail.com
2,Elsie,Coffey,elsie.coffey@mail.com
3,Annette,Cannata,annette.cannata@mail.com
4,Bruce,Phillips,bruce.phillips@mail.com
5,Dorothy,Martin,dorothy.martin@mail.com
6,Johnny,Hayes,johnny.hayes@mail.com
7,Latesha,Thornhill,latesha.thornhill@mail.com
8,Guy,Fannin,guy.fannin@mail.com
9,Patty,Shirkey,patty.shirkey@mail.com
10,Craig,Wilson,craig.wilson@mail.com
11,Linda,Brewer,linda.brewer@mail.com
12,David,Sommers,david.sommers@mail.com
13,Mary,Harne,mary.harne@mail.com
14,Gordon,Ferguson,gordon.ferguson@mail.com
15,Robert,Brady,robert.brady@mail.com
16,Josephine,Guerra,josephine.guerra@mail.com
17,Alan,Noble,alan.noble@mail.com
18,Helen,Pilkington,helen.pilkington@mail.com
19,Craig,White,craig.white@mail.com
20,Jerry,Medina,jerry.medina@mail.com
21,Andrew,Robertson,andrew.robertson@mail.com
22,Miranda,Brobeck,miranda.brobeck@mail.com
23,Joan,Bunker,joan.bunker@mail.com
24,Geraldo,Turner,geraldo.turner@mail.com
25,Kimberly,Aldred,kimberly.aldred@mail.com
26,Paula,Rosian,paula.rosian@mail.com
27,Yvette,Grigsby,yvette.grigsby@mail.com
28,Vickie,Lee,vickie.lee@mail.com
29,Gabriella,Nowak,gabriella.nowak@mail.com
30,Amber,Stevens,amber.stevens@mail.com
31,Shelly,Allen,shelly.allen@mail.com
32,Roger,Barbee,roger.barbee@mail.com
33,William,Gomez,william.gomez@mail.com
34,Diana,Zavala,diana.zavala@mail.com
35,Adam,Zechman,adam.zechman@mail.com
36,David,Curry,david.curry@mail.com
37,Devin,Lewis,devin.lewis@mail.com
38,Elmer,James,elmer.james@mail.com
39,Jamie,Turpin,jamie.turpin@mail.com
40,Nicole,Brown,nicole.brown@mail.com
41,Ruth,Smart,ruth.smart@mail.com
42,Peggy,White,peggy.white@mail.com
43,Adam,Peace,adam.peace@mail.com
44,Harold,Espinoza,harold.espinoza@mail.com
45,Barry,Oliver,barry.oliver@mail.com
46,Ira,Castro,ira.castro@mail.com
47,Robert,Breeden,robert.breeden@mail.com
48,Gloria,Lerner,gloria.lerner@mail.com
49,Erwin,Reichard,erwin.reichard@mail.com
50,Meaghan,Gafford,meaghan.gafford@mail.com
51,Kimberly,Miller,kimberly.miller@mail.com
52,Joyce,Rowe,joyce.rowe@mail.com
53,Adam,Thomas,adam.thomas@mail.com
54,Hazel,Mcginnis,hazel.mcginnis@mail.com
55,Valerie,Wilson,valerie.wilson@mail.com
56,Fumiko,Western,fumiko.western@mail.com
57,Joshua,Meehan,joshua.meehan@mail.com
58,Richard,Moore,richard.moore@mail.com
59,Manuel,Bennett,manuel.bennett@mail.com
60,Jayne,Anderson,jayne.anderson@mail.com
61,Larry,Farrell,larry.farrell@mail.com
62,Francis,Verduzco,francis.verduzco@mail.com
63,Clara,Yetsko,clara.yetsko@mail.com
64,Loretta,Powell,loretta.powell@mail.com
65,Robert,Ballinger,robert.ballinger@mail.com
66,Rodney,Alcala,rodney.alcala@mail.com
67,Kelly,Knell,kelly.knell@mail.com
68,Bruce,Trujillo,bruce.trujillo@mail.com
69,Mary,Nunez,mary.nunez@mail.com
70,Dennis,Craven,dennis.craven@mail.com
71,Kristin,Drewett,kristin.drewett@mail.com
72,Kim,Averitt,kim.averitt@mail.com
73,Mary,Mahaffey,mary.mahaffey@mail.com
74,Terry,Trible,terry.trible@mail.com
75,Paulette,Oneill,paulette.oneill@mail.com
76,Reuben,Knox,reuben.knox@mail.com
77,Eddie,Delrosario,eddie.delrosario@mail.com
78,Evelyn,Aldrich,evelyn.aldrich@mail.com
79,Elisabeth,Galbraith,elisabeth.galbraith@mail.com
80,Ernie,Mitchell,ernie.mitchell@mail.com
81,Erika,Baer,erika.baer@mail.com
82,Stephine,Cantu,stephine.cantu@mail.com
83,Derek,Breitenbach,derek.breitenbach@mail.com
84,Rhonda,Maki,rhonda.maki@mail.com
85,William,Silva,william.silva@mail.com
86,Betty,Roberson,betty.roberson@mail.com
87,Sharon,Foster,sharon.foster@mail.com
88,Michael,Leising,michael.leising@mail.com
89,Scott,Landers,scott.landers@mail.com
90,Sandra,Waldbauer,sandra.waldbauer@mail.com
91,Major,Stewart,major.stewart@mail.com
92,Norbert,Mcdonald,norbert.mcdonald@mail.com
93,Kathryn,Wechsler,kathryn.wechsler@mail.com
94,Mike,Cantrell,mike.cantrell@mail.com
95,Paula,Kloeck,paula.kloeck@mail.com
96,Cher,Bradshaw,cher.bradshaw@mail.com
97,Terry,Cowley,terry.cowley@mail.com
98,Faye,Thomas,faye.thomas@mail.com
99,Adam,Cathey,adam.cathey@mail.com
100,Eva,Gimenez,eva.gimenez@mail.com
101,Robert,Boles,robert.boles@mail.com
102,Gwendolyn,Hernandez,gwendolyn.hernandez@mail.com
103,Linda,Leyva,linda.leyva@mail.com
104,Fred,Krausz,fred.krausz@mail.com
105,Pauline,Wilson,pauline.wilson@mail.com
106,Martin,Sliz,martin.sliz@mail.com
107,Janet,Swint,janet.swint@mail.com
108,Gladys,Johnson,gladys.johnson@mail.com
109,Lena,Gavin,lena.gavin@mail.com
110,Ira,Wheeler,ira.wheeler@mail.com
111,Margie,Crawford,margie.crawford@mail.com
112,Vernon,Freeman,vernon.freeman@mail.com
113,Howard,Hudec,howard.hudec@mail.com
114,Michael,Toomer,michael.toomer@mail.com
115,Gary,Wilbur,gary.wilbur@mail.com
116,Karen,Gutierrez,karen.gutierrez@mail.com
117,Keith,Diaz,keith.diaz@mail.com
118,Timothy,Sieja,timothy.sieja@mail.com
119,Charles,Caballero,charles.caballero@mail.com
120,Rita,Bauder,rita.bauder@mail.com
121,Tonya,Oliver,tonya.oliver@mail.com
122,Howard,Ponder,howard.ponder@mail.com
123,Rodney,Howard,rodney.howard@mail.com
124,Cortney,Hudson,cortney.hudson@mail.com
125,Thelma,Davis,thelma.davis@mail.com
126,Lisa,Burke,lisa.burke@mail.com
127,Jena,Santander,jena.santander@mail.com
128,Alice,Gomez,alice.gomez@mail.com
129,Lula,Shea,lula.shea@mail.com
130,Raymond,Gabriel,raymond.gabriel@mail.com
131,Beverly,Picerno,beverly.picerno@mail.com
132,Celeste,Garner,celeste.garner@mail.com
133,Holly,Hegarty,holly.hegarty@mail.com
134,Vanessa,Etsitty,vanessa.etsitty@mail.com
135,Gabriel,Mayo,gabriel.mayo@mail.com
136,Michael,Jones,michael.jones@mail.com
137,Jimmy,Crick,jimmy.crick@mail.com
138,Arthur,Matsumoto,arthur.matsumoto@mail.com
139,Karen,White,karen.white@mail.com
140,Christy,Clement,christy.clement@mail.com
141,Peggy,Sanchez,peggy.sanchez@mail.com
142,April,Drew,april.drew@mail.com
143,Jacqueline,Hamberg,jacqueline.hamberg@mail.com
144,Richard,Modi,richard.modi@mail.com
145,Misty,Jones,misty.jones@mail.com
146,Marvin,Hall,marvin.hall@mail.com
147,Martha,Wheatley,martha.wheatley@mail.com
148,Ernest,Kelley,ernest.kelley@mail.com
149,Linda,Amerson,linda.amerson@mail.com
150,Larry,Patterson,larry.patterson@mail.com
151,Danny,Middleton,danny.middleton@mail.com
152,Patrick,Gabbard,patrick.gabbard@mail.com
153,Vito,Ohlsen,vito.ohlsen@mail.com
154,Lori,Wilson,lori.wilson@mail.com
155,Marcia,Nguyen,marcia.nguyen@mail.com
156,Kimberly,Borgen,kimberly.borgen@mail.com
157,Jerry,Yoon,jerry.yoon@mail.com
158,Dorothy,Barreto,dorothy.barreto@mail.com
159,Anthony,Condren,anthony.condren@mail.com
160,Teresa,Follmer,teresa.follmer@mail.com
161,Shirley,Huggins,shirley.huggins@mail.com
162,Martha,Mercado,martha.mercado@mail.com
163,Michael,Low,michael.low@mail.com
164,Robert,Brown,robert.brown@mail.com
165,Anne,Coy,anne.coy@mail.com
166,Morris,Hinton,morris.hinton@mail.com
167,Gregory,Douglas,gregory.douglas@mail.com
168,Sean,Thomas,sean.thomas@mail.com
169,Nathanael,Catalan,nathanael.catalan@mail.com
170,Wilbur,Jordon,wilbur.jordon@mail.com
171,Geneva,Phillips,geneva.phillips@mail.com
172,Sherman,Hutton,sherman.hutton@mail.com
173,Dustin,Westmoreland,dustin.westmoreland@mail.com
174,Barbara,Roper,barbara.roper@mail.com
175,Sophia,Brown,sophia.brown@mail.com
176,Lucille,Balentine,lucille.balentine@mail.com
177,Denise,Hartmann,denise.hartmann@mail.com
178,Douglas,Wood,douglas.wood@mail.com
179,Kenneth,Callihan,kenneth.callihan@mail.com
180,Christina,Mele,christina.mele@mail.com
181,Josephine,Roblow,josephine.roblow@mail.com
182,Mamie,Catledge,mamie.catledge@mail.com
183,William,Vela,william.vela@mail.com
184,Shelly,Cable,shelly.cable@mail.com
185,Erma,Howell,erma.howell@mail.com
186,Melissa,Mcneill,melissa.mcneill@mail.com
187,Marion,Kleman,marion.kleman@mail.com
188,Burton,Jinkens,burton.jinkens@mail.com
189,Elizabeth,Goodman,elizabeth.goodman@mail.com
190,Chris,Roberts,chris.roberts@mail.com
191,Grace,Taylor,grace.taylor@mail.com
192,Jamal,Brown,jamal.brown@mail.com
193,Rudolph,Warren,rudolph.warren@mail.com
194,Brian,Sotelo,brian.sotelo@mail.com
195,Anne,Via,anne.via@mail.com
196,Gregory,Farrell,gregory.farrell@mail.com
197,Susan,Kemp,susan.kemp@mail.com
198,Walter,Schulze,walter.schulze@mail.com
199,Doreen,Holler,doreen.holler@mail.com
200,David,Henderson,david.henderson@mail.com
201,Amy,Andrews,amy.andrews@mail.com
202,Vincent,Gray,vincent.gray@mail.com
203,Maria,Nadal,maria.nadal@mail.com
204,Amanda,Forbes,amanda.forbes@mail.com
205,Diane,Gill,diane.gill@mail.com
206,Samuel,Blake,samuel.blake@mail.com
207,Nancy,Mashak,nancy.mashak@mail.com
208,Tina,Taylor,tina.taylor@mail.com
209,Ken,Williams,ken.williams@mail.com
210,Larry,Grenier,larry.grenier@mail.com
211,Melissa,Mirando,melissa.mirando@mail.com
212,Denise,Engelking,denise.engelking@mail.com
213,Vincent,Layton,vincent.layton@mail.com
214,Jerry,Deni,jerry.deni@mail.com
215,Ashleigh,Hogan,ashleigh.hogan@mail.com
216,Phillip,Fujimoto,phillip.fujimoto@mail.com
217,Brenda,Solis,brenda.solis@mail.com
218,John,Scott,john.scott@mail.com
219,Norma,Wirth,norma.wirth@mail.com
220,Richard,Wilmot,richard.wilmot@mail.com
221,Michael,Anderson,michael.anderson@mail.com
222,Josefina,Callender,josefina.callender@mail.com
223,Betty,Swanson,betty.swanson@mail.com
224,Jennifer,Horton,jennifer.horton@mail.com
225,Danyelle,Fralick,danyelle.fralick@mail.com
226,Ruby,Reynolds,ruby.reynolds@mail.com
227,Carmen,Schreiber,carmen.schreiber@mail.com
228,Scott,Sinclair,scott.sinclair@mail.com
229,Patricia,Williams,patricia.williams@mail.com
230,Walter,Brustmann,walter.brustmann@mail.com
231,Anna,Schmiedeskamp,anna.schmiedeskamp@mail.com
232,Joshua,Harvey,joshua.harvey@mail.com
233,Sheila,Anderson,sheila.anderson@mail.com
234,Rodney,Whitehead,rodney.whitehead@mail.com
235,Annette,Garcia,annette.garcia@mail.com
236,Michael,Oldham,michael.oldham@mail.com
237,Ralph,Soto,ralph.soto@mail.com
238,Frances,Williams,frances.williams@mail.com
239,Gladys,Bushnell,gladys.bushnell@mail.com
240,Carole,Powles,carole.powles@mail.com
241,Nancy,Iannone,nancy.iannone@mail.com
242,Amber,Wilcher,amber.wilcher@mail.com
243,Amber,Wentz,amber.wentz@mail.com
244,Debra,Payton,debra.payton@mail.com
245,Laurence,Kaina,laurence.kaina@mail.com
246,Richard,Blair,richard.blair@mail.com
247,Logan,Stoner,logan.stoner@mail.com
248,Mario,Fleming,mario.fleming@mail.com
249,Thomas,Miles,thomas.miles@mail.com
250,Christine,Holmes,christine.holmes@mail.com
251,Gail,Riley,gail.riley@mail.com
252,Philip,Parizo,philip.parizo@mail.com
253,Stacy,Woody,stacy.woody@mail.com
254,Sarah,Dove,sarah.dove@mail.com
255,Nancy,Meaker,nancy.meaker@mail.com
256,Adrienne,Kennamore,adrienne.kennamore@mail.com
257,Walter,Scovil,walter.scovil@mail.com
258,Bernice,Abreu,bernice.abreu@mail.com
259,Lester,Kelly,lester.kelly@mail.com
260,Mildred,Warren,mildred.warren@mail.com
261,Teri,Morton,teri.morton@mail.com
262,Heather,Swan,heather.swan@mail.com
263,Paula,Cowan,paula.cowan@mail.com
264,Megan,Butler,megan.butler@mail.com
265,Velma,Hendrix,velma.hendrix@mail.com
266,Brittany,Thorpe,brittany.thorpe@mail.com
267,Darrell,Spencer,darrell.spencer@mail.com
268,Jared,Vaughan,jared.vaughan@mail.com
269,Lisa,Diamond,lisa.diamond@mail.com
270,Alfredo,Parlato,alfredo.parlato@mail.com
271,Myrtle,Clayton,myrtle.clayton@mail.com
272,Robert,Fleming,robert.fleming@mail.com
273,Robert,Watts,robert.watts@mail.com
274,Lisa,Torres,lisa.torres@mail.com
275,Kelly,Wheeler,kelly.wheeler@mail.com
276,Amanda,Volker,amanda.volker@mail.com
277,Franklin,Waldschmidt,franklin.waldschmidt@mail.com
278,Deborah,Bannister,deborah.bannister@mail.com
279,Josefina,Hilyer,josefina.hilyer@mail.com
280,Kelly,Dishong,kelly.dishong@mail.com
281,Teresa,Ray,teresa.ray@mail.com
282,Todd,Young,todd.young@mail.com
283,Newton,Ornelas,newton.ornelas@mail.com
284,Zachary,Correa,zachary.correa@mail.com
285,Brian,Maccormack,brian.maccormack@mail.com
286,Deborah,Sorum,deborah.sorum@mail.com
287,Richard,Thompson,richard.thompson@mail.com
288,Charles,Christiansen,charles.christiansen@mail.com
289,Terence,Riesner,terence.riesner@mail.com
290,Terri,Fritz,terri.fritz@mail.com
291,Timothy,Saddler,timothy.saddler@mail.com
292,Catherine,Ainsley,catherine.ainsley@mail.com
293,Walter,Robinson,walter.robinson@mail.com
294,Richard,Metcalf,richard.metcalf@mail.com
295,John,Jones,john.jones@mail.com
296,Miss,Norton,miss.norton@mail.com
297,Mandy,Rodriguez,mandy.rodriguez@mail.com
298,Stephen,Payton,stephen.payton@mail.com
299,Martha,Pedrick,martha.pedrick@mail.com
300,Steven,Newcomb,steven.newcomb@mail.com
301,Nigel,Green,nigel.green@mail.com
302,Teodoro,Curlee,teodoro.curlee@mail.com
303,William,King,william.king@mail.com
304,Jeremiah,Yount,jeremiah.yount@mail.com
305,Yvette,Marchman,yvette.marchman@mail.com
306,Kathleen,Salas,kathleen.salas@mail.com
307,Donald,Gutierrez,donald.gutierrez@mail.com
308,Barbara,Peterson,barbara.peterson@mail.com
309,Nettie,Green,nettie.green@mail.com
310,Kenneth,Johnson,kenneth.johnson@mail.com
311,April,Tasker,april.tasker@mail.com
312,Joel,Mckemie,joel.mckemie@mail.com
313,Richard,Bolyard,richard.bolyard@mail.com
314,Nicholas,Spears,nicholas.spears@mail.com
315,Robert,Bashaw,robert.bashaw@mail.com
316,Thomas,Jester,thomas.jester@mail.com
317,Janis,Mayberry,janis.mayberry@mail.com
318,Michael,Lively,michael.lively@mail.com
319,Frank,Compton,frank.compton@mail.com
320,Kraig,Maack,kraig.maack@mail.com
321,Lyle,Dankert,lyle.dankert@mail.com
322,Anna,Mckee,anna.mckee@mail.com
323,Robert,Jennings,robert.jennings@mail.com
324,Jack,King,jack.king@mail.com
325,Brittany,Maguire,brittany.maguire@mail.com
326,Damon,Runyan,damon.runyan@mail.com
327,Clarence,Baylor,clarence.baylor@mail.com
328,Angelica,Hilbert,angelica.hilbert@mail.com
329,Michelle,Tiffany,michelle.tiffany@mail.com
330,Mary,Atherton,mary.atherton@mail.com
331,Larry,Wong,larry.wong@mail.com
332,Sharon,Fejes,sharon.fejes@mail.com
333,Elizabeth,Chapman,elizabeth.chapman@mail.com
334,Thomas,Lewis,thomas.lewis@mail.com
335,Antoinette,Lowe,antoinette.lowe@mail.com
336,Charlotte,Collier,charlotte.collier@mail.com
337,Suk,Slattery,suk.slattery@mail.com
338,Mary,Brooks,mary.brooks@mail.com
339,Robert,Arrowood,robert.arrowood@mail.com
340,Jennifer,Jandreau,jennifer.jandreau@mail.com
341,Richard,Hannigan,richard.hannigan@mail.com
342,Lowell,Robarge,lowell.robarge@mail.com
343,Johnny,Traxler,johnny.traxler@mail.com
344,Paula,Malcom,paula.malcom@mail.com
345,Wayne,Perrotti,wayne.perrotti@mail.com
346,Angela,Tingley,angela.tingley@mail.com
347,Jonathan,Williams,jonathan.williams@mail.com
348,Randall,Williams,randall.williams@mail.com
349,Emmitt,Addison,emmitt.addison@mail.com
350,Gladys,Wages,gladys.wages@mail.com
351,Suzanne,Elliott,suzanne.elliott@mail.com
352,Bonnie,Holland,bonnie.holland@mail.com
353,Annie,Martin,annie.martin@mail.com
354,Aaron,Slosek,aaron.slosek@mail.com
355,Neal,Kawamoto,neal.kawamoto@mail.com
356,Grace,Marshall,grace.marshall@mail.com
357,Jennifer,Smith,jennifer.smith@mail.com
358,Susan,Santiago,susan.santiago@mail.com
359,Thomas,Stair,thomas.stair@mail.com
360,Tony,Juarez,tony.juarez@mail.com
361,Teresa,Horn,teresa.horn@mail.com
362,George,Lemanski,george.lemanski@mail.com
363,Alice,Jones,alice.jones@mail.com
364,Marla,Jacques,marla.jacques@mail.com
365,Joseph,Coleman,joseph.coleman@mail.com
366,Kevin,Bean,kevin.bean@mail.com
367,Vanessa,Dunn,vanessa.dunn@mail.com
368,Pamela,Bryant,pamela.bryant@mail.com
369,Geneva,Morrison,geneva.morrison@mail.com
370,Victoria,Gibson,victoria.gibson@mail.com
371,James,Livingston,james.livingston@mail.com
372,Evelyn,Moore,evelyn.moore@mail.com
373,Philip,Mccafferty,philip.mccafferty@mail.com
374,Frankie,Paradis,frankie.paradis@mail.com
375,Aaron,Baskin,aaron.baskin@mail.com
376,Steven,Sims,steven.sims@mail.com
377,Donna,Monzon,donna.monzon@mail.com
378,Alissa,Major,alissa.major@mail.com
379,Donald,Conner,donald.conner@mail.com
380,Penny,Bartley,penny.bartley@mail.com
381,Shari,Brown,shari.brown@mail.com
382,Larry,Garrison,larry.garrison@mail.com
383,Jimmy,Jellerson,jimmy.jellerson@mail.com
384,Clarence,Liedke,clarence.liedke@mail.com
385,Florence,Woodruff,florence.woodruff@mail.com
386,Elizabeth,Archer,elizabeth.archer@mail.com
387,Sergio,Kim,sergio.kim@mail.com
388,Harlan,Harris,harlan.harris@mail.com
389,Kenny,Jones,kenny.jones@mail.com
390,Sherri,Carpenter,sherri.carpenter@mail.com
391,Juan,Treible,juan.treible@mail.com
392,James,Stotts,james.stotts@mail.com
393,James,Mann,james.mann@mail.com
394,Judy,Jackson,judy.jackson@mail.com
395,Lillian,Obando,lillian.obando@mail.com
396,Debra,Stiles,debra.stiles@mail.com
397,David,Sassano,david.sassano@mail.com
398,Jacqueline,Sniezek,jacqueline.sniezek@mail.com
399,Kevin,Odermott,kevin.odermott@mail.com
400,Tina,Kierzewski,tina.kierzewski@mail.com
401,David,Crieghton,david.crieghton@mail.com
402,Krissy,Parrish,krissy.parrish@mail.com
403,Lawrence,Young,lawrence.young@mail.com
404,Polly,Anderson,polly.anderson@mail.com
405,Brain,Ritchey,brain.ritchey@mail.com
406,Harry,Lambert,harry.lambert@mail.com
407,Bryan,Campos,bryan.campos@mail.com
408,Roger,Bender,roger.bender@mail.com
409,Nettie,Xu,nettie.xu@mail.com
410,Andre,Jenkins,andre.jenkins@mail.com
411,Madaline,Bowen,madaline.bowen@mail.com
412,Sara,Logsdon,sara.logsdon@mail.com
413,Karen,Buckman,karen.buckman@mail.com
414,Kenneth,Halpern,kenneth.halpern@mail.com
415,Rich,Brackett,rich.brackett@mail.com
416,Matthew,Alsina,matthew.alsina@mail.com
417,Linda,Bartley,linda.bartley@mail.com
418,Jane,Richardson,jane.richardson@mail.com
419,Stephen,Dixon,stephen.dixon@mail.com
420,Thomas,Mattison,thomas.mattison@mail.com
421,Ronald,Campbell,ronald.campbell@mail.com
422,Donna,Perez,donna.perez@mail.com
423,Guy,Kauffman,guy.kauffman@mail.com
424,Mandy,Curry,mandy.curry@mail.com
425,Renee,Ellis,renee.ellis@mail.com
426,Victoria,Houghtaling,victoria.houghtaling@mail.com
427,Victoria,Brainard,victoria.brainard@mail.com
428,Filiberto,Smith,filiberto.smith@mail.com
429,Joshua,Moseley,joshua.moseley@mail.com
430,Raymond,Gallegos,raymond.gallegos@mail.com
431,Mary,Flannagan,mary.flannagan@mail.com
432,Charlene,Mccullough,charlene.mccullough@mail.com
433,Walter,Hunter,walter.hunter@mail.com
434,Irene,Herms,irene.herms@mail.com
435,Charles,Heinrich,charles.heinrich@mail.com
436,Amber,Burnley,amber.burnley@mail.com
437,Kevin,Morsbach,kevin.morsbach@mail.com
438,Sherrie,Plummer,sherrie.plummer@mail.com
439,Beverly,Dominguez,beverly.dominguez@mail.com
440,Gary,Roberts,gary.roberts@mail.com
441,Carmen,Ide,carmen.ide@mail.com
442,Mireya,Truesdale,mireya.truesdale@mail.com
443,Regena,Cropsey,regena.cropsey@mail.com
444,Christopher,Burbage,christopher.burbage@mail.com
445,Richard,Thompson,richard.thompson@mail.com
446,David,Patricio,david.patricio@mail.com
447,Nancy,Wheeler,nancy.wheeler@mail.com
448,David,Koonce,david.koonce@mail.com
449,Maria,Bonilla,maria.bonilla@mail.com
450,Jimmy,Bradley,jimmy.bradley@mail.com
451,Clifton,Cline,clifton.cline@mail.com
452,Patrick,Fitzpatrick,patrick.fitzpatrick@mail.com
453,David,Patterson,david.patterson@mail.com
454,Nancy,Metzler,nancy.metzler@mail.com
455,James,Carter,james.carter@mail.com
456,Kimberly,French,kimberly.french@mail.com
457,Raymond,Bauer,raymond.bauer@mail.com
458,Sharon,Beamer,sharon.beamer@mail.com
459,Daisy,Davis,daisy.davis@mail.com
460,David,Balderas,david.balderas@mail.com
461,Sharon,Spaid,sharon.spaid@mail.com
462,Bennie,Arbeiter,bennie.arbeiter@mail.com
463,Sarah,Aliaga,sarah.aliaga@mail.com
464,Catherine,Robinson,catherine.robinson@mail.com
465,Dorothy,Turner,dorothy.turner@mail.com
466,Shannon,Walla,shannon.walla@mail.com
467,Robert,Withers,robert.withers@mail.com
468,Sharon,Knight,sharon.knight@mail.com
469,Charles,Jones,charles.jones@mail.com
470,Hazel,Lewis,hazel.lewis@mail.com
471,Frances,Woods,frances.woods@mail.com
472,Jamie,Velasquez,jamie.velasquez@mail.com
473,Glen,Keith,glen.keith@mail.com
474,Willie,Herrera,willie.herrera@mail.com
475,Marcus,Simonds,marcus.simonds@mail.com
476,Joel,Anderson,joel.anderson@mail.com
477,Marie,Hawkins,marie.hawkins@mail.com
478,Brian,Pence,brian.pence@mail.com
479,Lynda,Clark,lynda.clark@mail.com
480,Jeffrey,Reed,jeffrey.reed@mail.com
481,Kevin,Stinchfield,kevin.stinchfield@mail.com
482,Patrick,Rodriguez,patrick.rodriguez@mail.com
483,Richard,Barnes,richard.barnes@mail.com
484,Nicole,Dale,nicole.dale@mail.com
485,Larry,Roberts,larry.roberts@mail.com
486,Madison,Benfield,madison.benfield@mail.com
487,Esther,Resnick,esther.resnick@mail.com
488,Lewis,Hansen,lewis.hansen@mail.com
489,Deloris,Dillis,deloris.dillis@mail.com
490,Jeanie,Johnson,jeanie.johnson@mail.com
491,Laurie,Lawrence,laurie.lawrence@mail.com
492,Margery,Clark,margery.clark@mail.com
493,Jay,Back,jay.back@mail.com
494,Michael,Stevens,michael.stevens@mail.com
495,Maxine,Wiggins,maxine.wiggins@mail.com
496,Patricia,Neal,patricia.neal@mail.com
497,Anne,Blalock,anne.blalock@mail.com
498,Nicholas,Thompson,nicholas.thompson@mail.com
499,Jose,Edmund,jose.edmund@mail.com
500,Richard,Murphy,richard.murphy@mail.com
