1,Frederick,Alexander,frederick.alexander@mail.com
2,Arlene,Child,arlene.child@mail.com
3,Rebecca,Ortiz,rebecca.ortiz@mail.com
4,Rachael,Hardage,rachael.hardage@mail.com
5,Lisa,Daniel,lisa.daniel@mail.com
6,Gladys,Singleton,gladys.singleton@mail.com
7,Percy,Baker,percy.baker@mail.com
8,Mattie,Vath,mattie.vath@mail.com
9,Rita,Gray,rita.gray@mail.com
10,Helen,Adens,helen.adens@mail.com
11,Joseph,Warner,joseph.warner@mail.com
12,Cheryl,Washington,cheryl.washington@mail.com
13,Rachel,Rivers,rachel.rivers@mail.com
14,Roger,Perez,roger.perez@mail.com
15,Omar,Dolney,omar.dolney@mail.com
16,Alicia,Bittinger,alicia.bittinger@mail.com
17,William,Pilkinton,william.pilkinton@mail.com
18,Gabrielle,Cortez,gabrielle.cortez@mail.com
19,Marianne,Day,marianne.day@mail.com
20,Willie,Eisman,willie.eisman@mail.com
21,Robert,Lopez,robert.lopez@mail.com
22,Latasha,Jimenez,latasha.jimenez@mail.com
23,Sandra,Hawkins,sandra.hawkins@mail.com
24,Terrie,Hernandez,terrie.hernandez@mail.com
25,Erick,Carman,erick.carman@mail.com
26,Leslie,Somers,leslie.somers@mail.com
27,Joshua,Falconio,joshua.falconio@mail.com
28,Shirley,Searing,shirley.searing@mail.com
29,Doris,Maxim,doris.maxim@mail.com
30,Ann,Alejandro,ann.alejandro@mail.com
31,Margaret,Glass,margaret.glass@mail.com
32,Elois,Cole,elois.cole@mail.com
33,Nicholas,Horr,nicholas.horr@mail.com
34,Laurie,Haney,laurie.haney@mail.com
35,Kip,West,kip.west@mail.com
36,Elizabeth,Evins,elizabeth.evins@mail.com
37,David,Ayer,david.ayer@mail.com
38,Miguel,Holdren,miguel.holdren@mail.com
39,John,Gardner,john.gardner@mail.com
40,Caroline,Taylor,caroline.taylor@mail.com
41,Donald,Vasquez,donald.vasquez@mail.com
42,Angela,Hall,angela.hall@mail.com
43,Angela,Roop,angela.roop@mail.com
44,Brenda,Edwards,brenda.edwards@mail.com
45,Marguerite,Hudson,marguerite.hudson@mail.com
46,Edward,Rush,edward.rush@mail.com
47,Renee,Harris,renee.harris@mail.com
48,James,Solomon,james.solomon@mail.com
49,William,Jacobs,william.jacobs@mail.com
50,Walter,Williams,walter.williams@mail.com
51,Beverly,Vine,beverly.vine@mail.com
52,Joseph,Snyder,joseph.snyder@mail.com
53,Charles,Lambert,charles.lambert@mail.com
54,Faye,Val,faye.val@mail.com
55,Nolan,Miles,nolan.miles@mail.com
56,Robert,Duarte,robert.duarte@mail.com
57,Darlene,Botts,darlene.botts@mail.com
58,Helen,Prentice,helen.prentice@mail.com
59,Cory,Bowers,cory.bowers@mail.com
60,Edward,Hernandez,edward.hernandez@mail.com
61,Kathleen,Lunn,kathleen.lunn@mail.com
62,Ulysses,Peachey,ulysses.peachey@mail.com
63,Adelle,Holt,adelle.holt@mail.com
64,William,Potter,william.potter@mail.com
65,Debbie,Sanchez,debbie.sanchez@mail.com
66,Daisy,Junes,daisy.junes@mail.com
67,Jose,Cook,jose.cook@mail.com
68,Robert,Queja,robert.queja@mail.com
69,Lindsey,Zielinski,lindsey.zielinski@mail.com
70,Benito,Shemwell,benito.shemwell@mail.com
71,Dianna,Newson,dianna.newson@mail.com
72,Joshua,Laplante,joshua.laplante@mail.com
73,Jack,Haun,jack.haun@mail.com
74,Kelly,Rodriguez,kelly.rodriguez@mail.com
75,James,Newman,james.newman@mail.com
76,Pamela,Oliver,pamela.oliver@mail.com
77,Annie,Clark,annie.clark@mail.com
78,Juan,Kennedy,juan.kennedy@mail.com
79,Christina,Cohen,christina.cohen@mail.com
80,Thomas,Chandler,thomas.chandler@mail.com
81,Eduardo,Ferkovich,eduardo.ferkovich@mail.com
82,Jack,Field,jack.field@mail.com
83,Scott,Baird,scott.baird@mail.com
84,Jerry,Capps,jerry.capps@mail.com
85,Peggy,Medina,peggy.medina@mail.com
86,Orlando,Allen,orlando.allen@mail.com
87,Kay,Ryan,kay.ryan@mail.com
88,Carmen,Jackson,carmen.jackson@mail.com
89,David,Detamore,david.detamore@mail.com
90,Consuelo,Justiniano,consuelo.justiniano@mail.com
91,Rebeca,Taylor,rebeca.taylor@mail.com
92,Joan,Rice,joan.rice@mail.com
93,John,Best,john.best@mail.com
94,David,Lacefield,david.lacefield@mail.com
95,Rosemary,Phariss,rosemary.phariss@mail.com
96,Angelia,Simon,angelia.simon@mail.com
97,Jerry,Leal,jerry.leal@mail.com
98,William,Seel,william.seel@mail.com
99,Robert,Newton,robert.newton@mail.com
100,Timothy,Aranda,timothy.aranda@mail.com
101,Jean,Withers,jean.withers@mail.com
102,Elias,Westbrooks,elias.westbrooks@mail.com
103,Ruth,Smith,ruth.smith@mail.com
104,Thomas,Moyer,thomas.moyer@mail.com
105,John,Lesh,john.lesh@mail.com
106,Elizabeth,Prichard,elizabeth.prichard@mail.com
107,Robert,Meier,robert.meier@mail.com
108,Sara,Steen,sara.steen@mail.com
109,Megan,Glosson,megan.glosson@mail.com
110,Anna,Pearson,anna.pearson@mail.com
111,Charles,Gomez,charles.gomez@mail.com
112,Wilbur,Peters,wilbur.peters@mail.com
113,Christopher,Roberts,christopher.roberts@mail.com
114,Dorothy,Stanley,dorothy.stanley@mail.com
115,Maria,Head,maria.head@mail.com
116,Kevin,Christensen,kevin.christensen@mail.com
117,Gwendolyn,Davis,gwendolyn.davis@mail.com
118,Chester,Kipping,chester.kipping@mail.com
119,Theresa,Rose,theresa.rose@mail.com
120,Shirley,Saar,shirley.saar@mail.com
121,Bobby,Wagner,bobby.wagner@mail.com
122,Thomas,Newell,thomas.newell@mail.com
123,Bonnie,Metheny,bonnie.metheny@mail.com
124,Carrol,Rebello,carrol.rebello@mail.com
125,Kenneth,Black,kenneth.black@mail.com
126,Tom,Evans,tom.evans@mail.com
127,Amy,Ogan,amy.ogan@mail.com
128,Willie,Torres,willie.torres@mail.com
129,Valerie,Duarte,valerie.duarte@mail.com
130,Ed,Pickett,ed.pickett@mail.com
131,Paula,Esh,paula.esh@mail.com
132,Joseph,Tritt,joseph.tritt@mail.com
133,Connie,Kumm,connie.kumm@mail.com
134,Ann,Desmith,ann.desmith@mail.com
135,Velma,Johnson,velma.johnson@mail.com
136,Joshua,Bossert,joshua.bossert@mail.com
137,Ada,Clayton,ada.clayton@mail.com
138,Raymond,Russell,raymond.russell@mail.com
139,Danny,Culver,danny.culver@mail.com
140,Ruby,Parker,ruby.parker@mail.com
141,Robert,Kilian,robert.kilian@mail.com
142,Andrea,Wittels,andrea.wittels@mail.com
143,Alan,Lux,alan.lux@mail.com
144,Heather,Luft,heather.luft@mail.com
145,James,Nowakowski,james.nowakowski@mail.com
146,Gay,Lindblom,gay.lindblom@mail.com
147,Gloria,Stanesic,gloria.stanesic@mail.com
148,Hubert,Carns,hubert.carns@mail.com
149,Dennis,Mcentire,dennis.mcentire@mail.com
150,Ralph,Transue,ralph.transue@mail.com
151,Tara,Isbell,tara.isbell@mail.com
152,Colleen,Wingate,colleen.wingate@mail.com
153,Antonio,Richarson,antonio.richarson@mail.com
154,Mark,Visser,mark.visser@mail.com
155,Gina,Weaver,gina.weaver@mail.com
156,Elaine,Mahoney,elaine.mahoney@mail.com
157,Barbara,Waters,barbara.waters@mail.com
158,Ronald,Leos,ronald.leos@mail.com
159,Lisa,Randolph,lisa.randolph@mail.com
160,Terry,Caldwell,terry.caldwell@mail.com
161,Sabrina,Than,sabrina.than@mail.com
162,Stephen,Hill,stephen.hill@mail.com
163,Jane,Corum,jane.corum@mail.com
164,Miguel,Ackles,miguel.ackles@mail.com
165,John,Soto,john.soto@mail.com
166,Joseph,Morgan,joseph.morgan@mail.com
167,John,Price,john.price@mail.com
168,Chantel,Perez,chantel.perez@mail.com
169,Floyd,Johnson,floyd.johnson@mail.com
170,Thomas,Condict,thomas.condict@mail.com
171,David,Kramer,david.kramer@mail.com
172,James,Boyd,james.boyd@mail.com
173,Lois,Foster,lois.foster@mail.com
174,Kelly,Belles,kelly.belles@mail.com
175,John,White,john.white@mail.com
176,David,Schwing,david.schwing@mail.com
177,Christopher,Smith,christopher.smith@mail.com
178,Angelia,Duncanson,angelia.duncanson@mail.com
179,Daniel,Wilson,daniel.wilson@mail.com
180,John,Dejong,john.dejong@mail.com
181,David,Luciano,david.luciano@mail.com
182,Edward,Salinas,edward.salinas@mail.com
183,John,Young,john.young@mail.com
184,Kenneth,Weyandt,kenneth.weyandt@mail.com
185,Michelle,Mcclendon,michelle.mcclendon@mail.com
186,Timothy,Choi,timothy.choi@mail.com
187,Jacquie,Tritz,jacquie.tritz@mail.com
188,Theresa,Venable,theresa.venable@mail.com
189,James,Basile,james.basile@mail.com
190,Douglas,Pascoe,douglas.pascoe@mail.com
191,Kenneth,Bradley,kenneth.bradley@mail.com
192,Harold,Taylor,harold.taylor@mail.com
193,Douglas,Berry,douglas.berry@mail.com
194,Alison,Killingsworth,alison.killingsworth@mail.com
195,Joyce,Gaines,joyce.gaines@mail.com
196,Svetlana,Flanagan,svetlana.flanagan@mail.com
197,Bobbie,Knell,bobbie.knell@mail.com
198,Leanna,Deck,leanna.deck@mail.com
199,Thomas,Johnson,thomas.johnson@mail.com
200,Joan,Hernandez,joan.hernandez@mail.com
201,Lance,Miller,lance.miller@mail.com
202,Kim,Johnson,kim.johnson@mail.com
203,Kimberly,Orahood,kimberly.orahood@mail.com
204,Mary,Mcgee,mary.mcgee@mail.com
205,Christian,Hudgens,christian.hudgens@mail.com
206,Michael,Johnson,michael.johnson@mail.com
207,Matthew,Otani,matthew.otani@mail.com
208,David,Kidder,david.kidder@mail.com
209,Natalie,Radcliffe,natalie.radcliffe@mail.com
210,Laura,Matthews,laura.matthews@mail.com
211,Joyce,Cabrera,joyce.cabrera@mail.com
212,Irvin,Laguna,irvin.laguna@mail.com
213,Angela,Sams,angela.sams@mail.com
214,Richard,Cessor,richard.cessor@mail.com
215,Edna,Lane,edna.lane@mail.com
216,Alexa,Setser,alexa.setser@mail.com
217,Scott,Mendoza,scott.mendoza@mail.com
218,Neal,Morgan,neal.morgan@mail.com
219,Debra,Sughrue,debra.sughrue@mail.com
220,David,Garcia,david.garcia@mail.com
221,Teresa,Profit,teresa.profit@mail.com
222,Matthew,Rios,matthew.rios@mail.com
223,Diana,Berry,diana.berry@mail.com
224,Shirley,Campbell,shirley.campbell@mail.com
225,Mark,Harper,mark.harper@mail.com
226,Robert,Belanger,robert.belanger@mail.com
227,Haley,Sanford,haley.sanford@mail.com
228,Philip,Reis,philip.reis@mail.com
229,Jeffery,Moore,jeffery.moore@mail.com
230,Hazel,Exum,hazel.exum@mail.com
231,Richard,Burkett,richard.burkett@mail.com
232,Debra,Foote,debra.foote@mail.com
233,Jamie,Teeter,jamie.teeter@mail.com
234,Donald,Cervantes,donald.cervantes@mail.com
235,Christopher,Neuenfeldt,christopher.neuenfeldt@mail.com
236,Mildred,Boore,mildred.boore@mail.com
237,David,Fink,david.fink@mail.com
238,Edwin,Fisher,edwin.fisher@mail.com
239,Joshua,Judd,joshua.judd@mail.com
240,Paula,Lau,paula.lau@mail.com
241,Jeffrey,Bulloch,jeffrey.bulloch@mail.com
242,Bobby,Emmons,bobby.emmons@mail.com
243,Gladys,Nestor,gladys.nestor@mail.com
244,William,Wofford,william.wofford@mail.com
245,Ira,Ouye,ira.ouye@mail.com
246,Jennifer,Walkingstick,jennifer.walkingstick@mail.com
247,Irma,Prochak,irma.prochak@mail.com
248,Joseph,Williams,joseph.williams@mail.com
249,Lynn,Arnold,lynn.arnold@mail.com
250,Cynthia,Tenorio,cynthia.tenorio@mail.com
251,Derrick,Smith,derrick.smith@mail.com
252,Oscar,Ferris,oscar.ferris@mail.com
253,Candace,Docken,candace.docken@mail.com
254,Elijah,Fenwick,elijah.fenwick@mail.com
255,David,Lennon,david.lennon@mail.com
256,Steven,Barrett,steven.barrett@mail.com
257,Clara,Wilson,clara.wilson@mail.com
258,Ronald,Beecher,ronald.beecher@mail.com
259,David,Kiernan,david.kiernan@mail.com
260,Tamika,Cervantes,tamika.cervantes@mail.com
261,Alicia,Kennedy,alicia.kennedy@mail.com
262,Aimee,Muir,aimee.muir@mail.com
263,James,Cady,james.cady@mail.com
264,Allan,Crawford,allan.crawford@mail.com
265,Karen,Nicolosi,karen.nicolosi@mail.com
266,Herbert,Taylor,herbert.taylor@mail.com
267,Andrea,Slowe,andrea.slowe@mail.com
268,Mary,Henson,mary.henson@mail.com
269,Charles,London,charles.london@mail.com
270,David,Earles,david.earles@mail.com
271,Dennis,Simpson,dennis.simpson@mail.com
272,Melissa,Jones,melissa.jones@mail.com
273,Michelle,Whelan,michelle.whelan@mail.com
274,Jenise,Watson,jenise.watson@mail.com
275,Pamela,Mcmonagle,pamela.mcmonagle@mail.com
276,Angel,Fish,angel.fish@mail.com
277,David,Smith,david.smith@mail.com
278,Christopher,Alley,christopher.alley@mail.com
279,William,Jordan,william.jordan@mail.com
280,Eddie,Baccam,eddie.baccam@mail.com
281,Mary,Grogan,mary.grogan@mail.com
282,Patricia,Reyna,patricia.reyna@mail.com
283,Charles,Whitman,charles.whitman@mail.com
284,Thomas,Williams,thomas.williams@mail.com
285,Timothy,Lundy,timothy.lundy@mail.com
286,Mike,Philip,mike.philip@mail.com
287,Chrystal,Green,chrystal.green@mail.com
288,Myrtle,Mertens,myrtle.mertens@mail.com
289,Maria,Garcia,maria.garcia@mail.com
290,Richard,Chase,richard.chase@mail.com
291,Robert,Vatter,robert.vatter@mail.com
292,Annie,Dunbar,annie.dunbar@mail.com
293,Donald,Dathe,donald.dathe@mail.com
294,Jorge,Martinez,jorge.martinez@mail.com
295,Orville,Kinney,orville.kinney@mail.com
296,Shelley,Maxey,shelley.maxey@mail.com
297,Rosita,Alexis,rosita.alexis@mail.com
298,Brian,Mickle,brian.mickle@mail.com
299,Patrick,Whiteford,patrick.whiteford@mail.com
300,Crystal,Carter,crystal.carter@mail.com
301,Nathan,Collins,nathan.collins@mail.com
302,Silvia,Hendershot,silvia.hendershot@mail.com
303,Chandra,Stone,chandra.stone@mail.com
304,Jim,Mcmichael,jim.mcmichael@mail.com
305,Daniel,Street,daniel.street@mail.com
306,Jacqueline,Green,jacqueline.green@mail.com
307,Linda,Flores,linda.flores@mail.com
308,Alan,Thurman,alan.thurman@mail.com
309,Ann,Price,ann.price@mail.com
310,John,Ellis,john.ellis@mail.com
311,John,Scianna,john.scianna@mail.com
312,Felix,Slocum,felix.slocum@mail.com
313,John,Jensen,john.jensen@mail.com
314,Glenda,Shea,glenda.shea@mail.com
315,Luann,Helmer,luann.helmer@mail.com
316,William,Letchworth,william.letchworth@mail.com
317,Della,Reigstad,della.reigstad@mail.com
318,Mildred,Mcdaniel,mildred.mcdaniel@mail.com
319,Phillip,Hrbacek,phillip.hrbacek@mail.com
320,Laura,Rogers,laura.rogers@mail.com
321,Elaine,Bernard,elaine.bernard@mail.com
322,Carla,Wider,carla.wider@mail.com
323,Michelle,Vildosola,michelle.vildosola@mail.com
324,Dean,Hollifield,dean.hollifield@mail.com
325,Isabelle,Shepherd,isabelle.shepherd@mail.com
326,Kathleen,Kendal,kathleen.kendal@mail.com
327,Kevin,Bradley,kevin.bradley@mail.com
328,Ty,Mahon,ty.mahon@mail.com
329,Randall,Hall,randall.hall@mail.com
330,Gerald,Rebuldela,gerald.rebuldela@mail.com
331,James,Walters,james.walters@mail.com
332,Daniel,Joel,daniel.joel@mail.com
333,Parker,Coffland,parker.coffland@mail.com
334,Miguel,Mossien,miguel.mossien@mail.com
335,Grant,Ramirez,grant.ramirez@mail.com
336,Gail,Brown,gail.brown@mail.com
337,Lawrence,Roberts,lawrence.roberts@mail.com
338,Alicia,Neal,alicia.neal@mail.com
339,Melody,Gast,melody.gast@mail.com
340,Hal,Crafter,hal.crafter@mail.com
341,Leslie,Aitken,leslie.aitken@mail.com
342,Jorge,Scott,jorge.scott@mail.com
343,James,Aitken,james.aitken@mail.com
344,Shawn,Moses,shawn.moses@mail.com
345,Erin,Washington,erin.washington@mail.com
346,Tony,Lowery,tony.lowery@mail.com
347,Susan,Vega,susan.vega@mail.com
348,Lewis,Fetner,lewis.fetner@mail.com
349,Gloria,Braden,gloria.braden@mail.com
350,Rebecca,Thomason,rebecca.thomason@mail.com
351,Priscilla,Sawyer,priscilla.sawyer@mail.com
352,Fredric,Mcgee,fredric.mcgee@mail.com
353,Thomas,Estevez,thomas.estevez@mail.com
354,James,Collar,james.collar@mail.com
355,Charles,Lenis,charles.lenis@mail.com
356,Kenneth,Lewis,kenneth.lewis@mail.com
357,Richie,Nahass,richie.nahass@mail.com
358,Richard,Smith,richard.smith@mail.com
359,Raquel,Flora,raquel.flora@mail.com
360,Lucien,Hooker,lucien.hooker@mail.com
361,Elizabeth,Cuevas,elizabeth.cuevas@mail.com
362,Chris,Keaton,chris.keaton@mail.com
363,William,Scales,william.scales@mail.com
364,Tony,Spence,tony.spence@mail.com
365,Betty,Smith,betty.smith@mail.com
366,Billie,Bryant,billie.bryant@mail.com
367,Jason,Lebovic,jason.lebovic@mail.com
368,Barbara,Allison,barbara.allison@mail.com
369,Diana,Replogle,diana.replogle@mail.com
370,Mattie,Hosking,mattie.hosking@mail.com
371,Patricia,Stephenson,patricia.stephenson@mail.com
372,Beatriz,Gongalves,beatriz.gongalves@mail.com
373,Monique,Canterbury,monique.canterbury@mail.com
374,Harold,Millet,harold.millet@mail.com
375,Matt,Nichols,matt.nichols@mail.com
376,Stephan,Larry,stephan.larry@mail.com
377,Tamara,Arkell,tamara.arkell@mail.com
378,Ronald,Ramos,ronald.ramos@mail.com
379,Carol,Parks,carol.parks@mail.com
380,Maureen,Buettner,maureen.buettner@mail.com
381,Beulah,Harding,beulah.harding@mail.com
382,Linda,Dubois,linda.dubois@mail.com
383,Trinidad,Johnson,trinidad.johnson@mail.com
384,Robert,Nail,robert.nail@mail.com
385,Louis,Pruett,louis.pruett@mail.com
386,Billy,Windham,billy.windham@mail.com
387,Herman,Riddle,herman.riddle@mail.com
388,Danny,Johnson,danny.johnson@mail.com
389,Jacquline,Calvert,jacquline.calvert@mail.com
390,Mark,Trasher,mark.trasher@mail.com
391,Dave,Foxworth,dave.foxworth@mail.com
392,Jade,Atlas,jade.atlas@mail.com
393,Kenneth,Snow,kenneth.snow@mail.com
394,Allen,Burden,allen.burden@mail.com
395,James,Sandy,james.sandy@mail.com
396,Cynthia,Jauregui,cynthia.jauregui@mail.com
397,Katherine,Brown,katherine.brown@mail.com
398,Travis,Bresler,travis.bresler@mail.com
399,Richard,Saxton,richard.saxton@mail.com
400,David,Keeling,david.keeling@mail.com
401,Kelvin,Helfer,kelvin.helfer@mail.com
402,Jose,Jones,jose.jones@mail.com
403,Jason,Mcknight,jason.mcknight@mail.com
404,Magdalene,Peterson,magdalene.peterson@mail.com
405,Rosalia,Wilmore,rosalia.wilmore@mail.com
406,Jimmy,Losacco,jimmy.losacco@mail.com
407,Morgan,Challender,morgan.challender@mail.com
408,Ann,Switzer,ann.switzer@mail.com
409,Clarence,Gale,clarence.gale@mail.com
410,Michael,Killebrew,michael.killebrew@mail.com
411,Allyson,Everitt,allyson.everitt@mail.com
412,Cheryl,Heiskell,cheryl.heiskell@mail.com
413,James,Montes,james.montes@mail.com
414,Ellen,Price,ellen.price@mail.com
415,Charles,Nelson,charles.nelson@mail.com
416,Thomas,Whittington,thomas.whittington@mail.com
417,Robert,Basha,robert.basha@mail.com
418,Nellie,Stevens,nellie.stevens@mail.com
419,Thomas,Nelson,thomas.nelson@mail.com
420,Kimberly,Kio,kimberly.kio@mail.com
421,Brandon,Mccoy,brandon.mccoy@mail.com
422,Opal,Vaughn,opal.vaughn@mail.com
423,Barry,Ault,barry.ault@mail.com
424,Joanne,Martin,joanne.martin@mail.com
425,Tiffany,Crenshaw,tiffany.crenshaw@mail.com
426,Richard,Mcclure,richard.mcclure@mail.com
427,Gerald,Wheatley,gerald.wheatley@mail.com
428,Gus,Allen,gus.allen@mail.com
429,Betty,Ramirez,betty.ramirez@mail.com
430,William,Hiraldo,william.hiraldo@mail.com
431,Juliana,Keesee,juliana.keesee@mail.com
432,Dante,Burgess,dante.burgess@mail.com
433,Ryan,Womack,ryan.womack@mail.com
434,Rachel,English,rachel.english@mail.com
435,Margaret,Edelson,margaret.edelson@mail.com
436,Antonia,Cloke,antonia.cloke@mail.com
437,Carlton,Graham,carlton.graham@mail.com
438,Mike,Makins,mike.makins@mail.com
439,Esther,Gil,esther.gil@mail.com
440,Linda,Bonner,linda.bonner@mail.com
441,Mary,Rivenburg,mary.rivenburg@mail.com
442,Maria,Aber,maria.aber@mail.com
443,James,Martin,james.martin@mail.com
444,Nathaniel,Erving,nathaniel.erving@mail.com
445,Major,Rainey,major.rainey@mail.com
446,Augusta,Wynn,augusta.wynn@mail.com
447,Glenda,Estevez,glenda.estevez@mail.com
448,Bonnie,Burroughs,bonnie.burroughs@mail.com
449,Alfonso,Dunn,alfonso.dunn@mail.com
450,Ronald,Bryant,ronald.bryant@mail.com
451,Beverly,Miscione,beverly.miscione@mail.com
452,Jamel,Ogden,jamel.ogden@mail.com
453,Ana,Watson,ana.watson@mail.com
454,Guadalupe,Murphy,guadalupe.murphy@mail.com
455,Dan,Rice,dan.rice@mail.com
456,Loraine,Kowal,loraine.kowal@mail.com
457,Travis,Flett,travis.flett@mail.com
458,William,May,william.may@mail.com
459,William,Hackett,william.hackett@mail.com
460,Patsy,Mcintyre,patsy.mcintyre@mail.com
461,Audrey,Perry,audrey.perry@mail.com
462,Ronni,Class,ronni.class@mail.com
463,Sharon,Goss,sharon.goss@mail.com
464,Robert,Fain,robert.fain@mail.com
465,Frances,Jenkins,frances.jenkins@mail.com
466,Cheryl,Siemens,cheryl.siemens@mail.com
467,William,Mccall,william.mccall@mail.com
468,Lawrence,Renfro,lawrence.renfro@mail.com
469,Rose,Young,rose.young@mail.com
470,Marjorie,Wiener,marjorie.wiener@mail.com
471,Pauline,Delahunt,pauline.delahunt@mail.com
472,Kari,Iwanowski,kari.iwanowski@mail.com
473,Willie,Sims,willie.sims@mail.com
474,Larry,Labbie,larry.labbie@mail.com
475,Florence,Piccoli,florence.piccoli@mail.com
476,Clayton,Pierce,clayton.pierce@mail.com
477,Kelly,Brown,kelly.brown@mail.com
478,Brett,Swensen,brett.swensen@mail.com
479,Alison,Jacques,alison.jacques@mail.com
480,Mark,Anderson,mark.anderson@mail.com
481,Jerri,Salido,jerri.salido@mail.com
482,Melissa,Cantu,melissa.cantu@mail.com
483,Alejandro,Strawser,alejandro.strawser@mail.com
484,David,Walker,david.walker@mail.com
485,Miles,Weathers,miles.weathers@mail.com
486,Robert,Nunez,robert.nunez@mail.com
487,Florene,Smith,florene.smith@mail.com
488,Betty,Lasher,betty.lasher@mail.com
489,Martin,Chapman,martin.chapman@mail.com
490,Peter,Killingsworth,peter.killingsworth@mail.com
491,Lee,Humphries,lee.humphries@mail.com
492,George,Matthai,george.matthai@mail.com
493,Cheryl,Kosco,cheryl.kosco@mail.com
494,Charles,Hahn,charles.hahn@mail.com
495,Gertrude,Rogers,gertrude.rogers@mail.com
496,Kathryn,Adams,kathryn.adams@mail.com
497,Deana,Avalos,deana.avalos@mail.com
498,Mary,Striegel,mary.striegel@mail.com
499,Michael,Patton,michael.patton@mail.com
500,Heather,Chance,heather.chance@mail.com
501,Yvette,Marinello,yvette.marinello@mail.com
502,Derick,Fort,derick.fort@mail.com
503,Lorraine,Zavala,lorraine.zavala@mail.com
504,Lola,Ewing,lola.ewing@mail.com
505,Josefina,Hawkins,josefina.hawkins@mail.com
506,Willie,Stevenson,willie.stevenson@mail.com
507,Mary,Carpenter,mary.carpenter@mail.com
508,Janet,Roberts,janet.roberts@mail.com
509,Robert,Perez,robert.perez@mail.com
510,Duncan,Johnson,duncan.johnson@mail.com
511,Ralph,Garza,ralph.garza@mail.com
512,Katherine,Chandler,katherine.chandler@mail.com
513,Barbara,Schaupp,barbara.schaupp@mail.com
514,Judith,Ford,judith.ford@mail.com
515,Kristin,Samuel,kristin.samuel@mail.com
516,James,Eyer,james.eyer@mail.com
517,Denise,Greene,denise.greene@mail.com
518,Brett,Harris,brett.harris@mail.com
519,Herman,Griffin,herman.griffin@mail.com
520,Maria,Box,maria.box@mail.com
521,Amanda,Mulinix,amanda.mulinix@mail.com
522,Doyle,Schaufelberge,doyle.schaufelberge@mail.com
523,Lawrence,Genet,lawrence.genet@mail.com
524,Patricia,Martell,patricia.martell@mail.com
525,Leif,Bourque,leif.bourque@mail.com
526,Wendy,Rodriquez,wendy.rodriquez@mail.com
527,Levi,Bohringer,levi.bohringer@mail.com
528,Barbara,Heath,barbara.heath@mail.com
529,Christine,Nelson,christine.nelson@mail.com
530,Roseann,March,roseann.march@mail.com
531,Abraham,Combs,abraham.combs@mail.com
532,Jeanette,Harrison,jeanette.harrison@mail.com
533,Alexander,Lim,alexander.lim@mail.com
534,Charles,Lanphear,charles.lanphear@mail.com
535,John,Clarke,john.clarke@mail.com
536,Joanna,Faucett,joanna.faucett@mail.com
537,David,Medrano,david.medrano@mail.com
538,Johnny,Ramos,johnny.ramos@mail.com
539,Maryann,Young,maryann.young@mail.com
540,Oscar,Perry,oscar.perry@mail.com
541,David,Schmit,david.schmit@mail.com
542,Eva,Mcchriston,eva.mcchriston@mail.com
543,Jill,Carver,jill.carver@mail.com
544,Louann,Slaughter,louann.slaughter@mail.com
545,Alden,Lynch,alden.lynch@mail.com
546,Paul,Dowler,paul.dowler@mail.com
547,Virginia,Wedderburn,virginia.wedderburn@mail.com
548,Lucinda,Salvadore,lucinda.salvadore@mail.com
549,Laura,Hickman,laura.hickman@mail.com
550,Richard,Plemons,richard.plemons@mail.com
551,Randall,West,randall.west@mail.com
552,Darlene,Obrien,darlene.obrien@mail.com
553,Michael,Russo,michael.russo@mail.com
554,Ron,Burns,ron.burns@mail.com
555,Aline,Forbus,aline.forbus@mail.com
556,Kelly,Venegas,kelly.venegas@mail.com
557,Barbara,Key,barbara.key@mail.com
558,James,Valdez,james.valdez@mail.com
559,Richard,Owings,richard.owings@mail.com
560,Connie,Harrington,connie.harrington@mail.com
561,Calvin,Miller,calvin.miller@mail.com
562,Ruby,People,ruby.people@mail.com
563,Cynthia,Okeefe,cynthia.okeefe@mail.com
564,Kathryn,Schulte,kathryn.schulte@mail.com
565,Annie,Smith,annie.smith@mail.com
566,Janice,Brown,janice.brown@mail.com
567,Kourtney,Moreno,kourtney.moreno@mail.com
568,Angelica,Ruff,angelica.ruff@mail.com
569,Chris,Jones,chris.jones@mail.com
570,Bruce,Wagner,bruce.wagner@mail.com
571,Junior,Puryear,junior.puryear@mail.com
572,Jennie,Noriega,jennie.noriega@mail.com
573,Ralph,Davis,ralph.davis@mail.com
574,David,Heady,david.heady@mail.com
575,Doris,Odonell,doris.odonell@mail.com
576,Marie,Hawkins,marie.hawkins@mail.com
577,Nancy,Harvey,nancy.harvey@mail.com
578,Tammi,Thomas,tammi.thomas@mail.com
579,Debra,Brown,debra.brown@mail.com
580,Stephen,Johnson,stephen.johnson@mail.com
581,Maude,Mcpeak,maude.mcpeak@mail.com
582,Adam,Lott,adam.lott@mail.com
583,Chasity,Light,chasity.light@mail.com
584,Roger,Condie,roger.condie@mail.com
585,Michael,Green,michael.green@mail.com
586,Roy,Radish,roy.radish@mail.com
587,Charles,Smith,charles.smith@mail.com
588,Irene,Klauer,irene.klauer@mail.com
589,Gerard,Peters,gerard.peters@mail.com
590,Jose,Bowen,jose.bowen@mail.com
591,Philip,Clayton,philip.clayton@mail.com
592,Linda,Small,linda.small@mail.com
593,Lacey,Heiliger,lacey.heiliger@mail.com
594,Dixie,Byrd,dixie.byrd@mail.com
595,Walter,Gonzales,walter.gonzales@mail.com
596,John,Johnson,john.johnson@mail.com
597,Bruce,Cooper,bruce.cooper@mail.com
598,Rita,Perotti,rita.perotti@mail.com
599,Margaret,Corona,margaret.corona@mail.com
600,Christopher,Pena,christopher.pena@mail.com
601,Nadine,Mann,nadine.mann@mail.com
602,Charles,Kerr,charles.kerr@mail.com
603,Margaret,Thomason,margaret.thomason@mail.com
604,Craig,Loken,craig.loken@mail.com
605,Daniel,Arias,daniel.arias@mail.com
606,Felicia,Presnell,felicia.presnell@mail.com
607,Brian,Hankey,brian.hankey@mail.com
608,Robert,Dolan,robert.dolan@mail.com
609,Linda,Clemons,linda.clemons@mail.com
610,Randy,Hodges,randy.hodges@mail.com
611,Larry,Rankin,larry.rankin@mail.com
612,Vanessa,Kahn,vanessa.kahn@mail.com
613,Myron,Seeley,myron.seeley@mail.com
614,Tyrone,Shelton,tyrone.shelton@mail.com
615,Richard,Vancleave,richard.vancleave@mail.com
616,Warren,Moczo,warren.moczo@mail.com
617,Marisa,Arnold,marisa.arnold@mail.com
618,Roy,Rodriguez,roy.rodriguez@mail.com
619,Peter,Moffitt,peter.moffitt@mail.com
620,Michael,Davis,michael.davis@mail.com
621,John,Villarreal,john.villarreal@mail.com
622,Michael,Gutierrez,michael.gutierrez@mail.com
623,Thomas,Poe,thomas.poe@mail.com
624,Stephen,Bordelon,stephen.bordelon@mail.com
625,Wanda,Armstrong,wanda.armstrong@mail.com
626,Gisela,Nabors,gisela.nabors@mail.com
627,Richard,Riley,richard.riley@mail.com
628,Kristina,Gilbert,kristina.gilbert@mail.com
629,Joyce,Hullihen,joyce.hullihen@mail.com
630,Santiago,Renteria,santiago.renteria@mail.com
631,Amy,Glowacki,amy.glowacki@mail.com
632,Emma,King,emma.king@mail.com
633,Vickie,Comee,vickie.comee@mail.com
634,Susan,Jung,susan.jung@mail.com
635,Marilyn,Pezzuti,marilyn.pezzuti@mail.com
636,Ray,Blas,ray.blas@mail.com
637,Ricky,Piper,ricky.piper@mail.com
638,Annie,Parker,annie.parker@mail.com
639,Thomas,Urey,thomas.urey@mail.com
640,Robert,Cox,robert.cox@mail.com
641,Ann,Hagan,ann.hagan@mail.com
642,Ronald,Haley,ronald.haley@mail.com
643,Adam,Rowe,adam.rowe@mail.com
644,Kelly,Bongiorno,kelly.bongiorno@mail.com
645,Steven,Rainey,steven.rainey@mail.com
646,Amie,Gold,amie.gold@mail.com
647,Cody,Martinez,cody.martinez@mail.com
648,Mia,Southard,mia.southard@mail.com
649,Evelyn,Coleman,evelyn.coleman@mail.com
650,Robert,Arnold,robert.arnold@mail.com
651,James,Vanover,james.vanover@mail.com
652,Daniel,Alexander,daniel.alexander@mail.com
653,Jennifer,Murphy,jennifer.murphy@mail.com
654,Karen,Stroman,karen.stroman@mail.com
655,Heather,Williams,heather.williams@mail.com
656,Margaret,Girton,margaret.girton@mail.com
657,Beatrice,Solomon,beatrice.solomon@mail.com
658,Jaimie,Sherman,jaimie.sherman@mail.com
659,Barrett,Prince,barrett.prince@mail.com
660,Judith,Yoshimura,judith.yoshimura@mail.com
661,Tonya,Lair,tonya.lair@mail.com
662,Tommy,Conaway,tommy.conaway@mail.com
663,Kelly,Sanmiguel,kelly.sanmiguel@mail.com
664,Mary,Allen,mary.allen@mail.com
665,Annie,Waiters,annie.waiters@mail.com
666,William,Milewski,william.milewski@mail.com
667,Arthur,Lanoue,arthur.lanoue@mail.com
668,Randall,Bowen,randall.bowen@mail.com
669,Paul,Bass,paul.bass@mail.com
670,Francis,Collin,francis.collin@mail.com
671,Isabella,Rouse,isabella.rouse@mail.com
672,Tony,Edward,tony.edward@mail.com
673,Shirley,Muro,shirley.muro@mail.com
674,Rose,Mandich,rose.mandich@mail.com
675,Cathy,Ingole,cathy.ingole@mail.com
676,Ruth,Johnson,ruth.johnson@mail.com
677,Estelle,Adkinson,estelle.adkinson@mail.com
678,Gary,Montgomery,gary.montgomery@mail.com
679,Deborah,Ackley,deborah.ackley@mail.com
680,Ronald,Lutz,ronald.lutz@mail.com
681,Kevin,Herstad,kevin.herstad@mail.com
682,Martha,Head,martha.head@mail.com
683,Robert,Price,robert.price@mail.com
684,Sara,Newell,sara.newell@mail.com
685,Howard,Posey,howard.posey@mail.com
686,Bonita,Rodriguez,bonita.rodriguez@mail.com
687,Bradley,Martinez,bradley.martinez@mail.com
688,Geraldine,Menendez,geraldine.menendez@mail.com
689,Freddie,Krall,freddie.krall@mail.com
690,Katelyn,Luke,katelyn.luke@mail.com
691,Neal,Spence,neal.spence@mail.com
692,Marie,Bock,marie.bock@mail.com
693,Lorine,Cho,lorine.cho@mail.com
694,Brooks,Dalton,brooks.dalton@mail.com
695,John,Kroll,john.kroll@mail.com
696,Virginia,Chaney,virginia.chaney@mail.com
697,Robert,Frederick,robert.frederick@mail.com
698,Robert,Kowalski,robert.kowalski@mail.com
699,Mark,Schacher,mark.schacher@mail.com
700,Dorothy,Demik,dorothy.demik@mail.com
701,Cynthia,White,cynthia.white@mail.com
702,Rosalind,Huston,rosalind.huston@mail.com
703,Jennifer,Magnuson,jennifer.magnuson@mail.com
704,Henry,Beck,henry.beck@mail.com
705,Travis,Kinne,travis.kinne@mail.com
706,Paul,Conti,paul.conti@mail.com
707,Olivia,Farrell,olivia.farrell@mail.com
708,Amy,Moore,amy.moore@mail.com
709,Gerald,Caudill,gerald.caudill@mail.com
710,Ronnie,Staton,ronnie.staton@mail.com
711,Shanta,Knickerbocker,shanta.knickerbocker@mail.com
712,Dennis,Miller,dennis.miller@mail.com
713,Lisa,Lowe,lisa.lowe@mail.com
714,Wendy,King,wendy.king@mail.com
715,Margaret,Jones,margaret.jones@mail.com
716,Brian,Aslam,brian.aslam@mail.com
717,Eugene,Taylor,eugene.taylor@mail.com
718,Teresa,Broyles,teresa.broyles@mail.com
719,Jerry,Henderson,jerry.henderson@mail.com
720,Martha,Uchida,martha.uchida@mail.com
721,Raymond,Norvell,raymond.norvell@mail.com
722,Irene,Boulton,irene.boulton@mail.com
723,John,Motte,john.motte@mail.com
724,Gary,Bentley,gary.bentley@mail.com
725,Lillian,Southerland,lillian.southerland@mail.com
726,Carl,Espinosa,carl.espinosa@mail.com
727,Mark,Anderson,mark.anderson@mail.com
728,Jacob,Mccleskey,jacob.mccleskey@mail.com
729,Warren,Kearby,warren.kearby@mail.com
730,Frank,Lawrence,frank.lawrence@mail.com
731,Lillian,Deal,lillian.deal@mail.com
732,Neil,Biglin,neil.biglin@mail.com
733,Deborah,Elliott,deborah.elliott@mail.com
734,Annie,Tototzintle,annie.tototzintle@mail.com
735,Jillian,Sutherland,jillian.sutherland@mail.com
736,Lindsey,Gibbons,lindsey.gibbons@mail.com
737,Wayne,Corn,wayne.corn@mail.com
738,Jared,Rodriquez,jared.rodriquez@mail.com
739,Peter,Erdmann,peter.erdmann@mail.com
740,Lela,Hopkins,lela.hopkins@mail.com
741,Wanda,Matson,wanda.matson@mail.com
742,Marlene,Daugherty,marlene.daugherty@mail.com
743,Patricia,Preston,patricia.preston@mail.com
744,Mark,Dangelo,mark.dangelo@mail.com
745,William,Viggiano,william.viggiano@mail.com
746,Samuel,Galvan,samuel.galvan@mail.com
747,James,Roman,james.roman@mail.com
748,Matthew,Mercer,matthew.mercer@mail.com
749,Laura,Marriot,laura.marriot@mail.com
750,Karla,Duncan,karla.duncan@mail.com
751,Jeanne,Albrecht,jeanne.albrecht@mail.com
752,William,Stringer,william.stringer@mail.com
753,Adolfo,Miller,adolfo.miller@mail.com
754,Lucille,Phillips,lucille.phillips@mail.com
755,William,Dunlap,william.dunlap@mail.com
756,Wade,Hatcher,wade.hatcher@mail.com
757,Felicia,Woodard,felicia.woodard@mail.com
758,Chad,Goldman,chad.goldman@mail.com
759,James,Downey,james.downey@mail.com
760,Margaret,Mcdonald,margaret.mcdonald@mail.com
761,Linda,Crate,linda.crate@mail.com
762,Henry,Castaneda,henry.castaneda@mail.com
763,Maria,Whitling,maria.whitling@mail.com
764,Carlos,Farness,carlos.farness@mail.com
765,Mark,Rosenholm,mark.rosenholm@mail.com
766,Stacey,Hays,stacey.hays@mail.com
767,Mary,Trexler,mary.trexler@mail.com
768,James,Imperial,james.imperial@mail.com
769,Robert,Rancourt,robert.rancourt@mail.com
770,Oscar,Cleary,oscar.cleary@mail.com
771,Stephanie,Price,stephanie.price@mail.com
772,William,Moore,william.moore@mail.com
773,Karolyn,Jones,karolyn.jones@mail.com
774,Jennifer,Clanton,jennifer.clanton@mail.com
775,Ann,Bland,ann.bland@mail.com
776,Geneva,Gordon,geneva.gordon@mail.com
777,Annita,Bennion,annita.bennion@mail.com
778,Vera,Ruiz,vera.ruiz@mail.com
779,Jane,Stengel,jane.stengel@mail.com
780,Karen,Tygart,karen.tygart@mail.com
781,Roxanne,Leahy,roxanne.leahy@mail.com
782,Ashley,Cashio,ashley.cashio@mail.com
783,Barbara,Adams,barbara.adams@mail.com
784,John,Keller,john.keller@mail.com
785,Andrew,Rogers,andrew.rogers@mail.com
786,Tama,Woodson,tama.woodson@mail.com
787,Rex,Burton,rex.burton@mail.com
788,Stephanie,Dergance,stephanie.dergance@mail.com
789,Theresa,Britt,theresa.britt@mail.com
790,Gerald,Matlock,gerald.matlock@mail.com
791,Phyllis,Bermudez,phyllis.bermudez@mail.com
792,Robert,Molina,robert.molina@mail.com
793,Beulah,Wellenstein,beulah.wellenstein@mail.com
794,Dean,Schuyler,dean.schuyler@mail.com
795,Daniel,Goodrum,daniel.goodrum@mail.com
796,Aaron,Findlay,aaron.findlay@mail.com
797,Jason,Littlewood,jason.littlewood@mail.com
798,Enrique,Mcdaniel,enrique.mcdaniel@mail.com
799,Joe,Hernandez,joe.hernandez@mail.com
800,Debra,Lamborn,debra.lamborn@mail.com
801,Ella,Mcelyea,ella.mcelyea@mail.com
802,Brett,Reed,brett.reed@mail.com
803,Carol,Nickels,carol.nickels@mail.com
804,Carmine,Drake,carmine.drake@mail.com
805,Juan,Sharpe,juan.sharpe@mail.com
806,Kevin,Barnes,kevin.barnes@mail.com
807,Emilia,King,emilia.king@mail.com
808,Anna,Miyasato,anna.miyasato@mail.com
809,Mark,Mendez,mark.mendez@mail.com
810,Maria,Kabat,maria.kabat@mail.com
811,Daniel,Longoria,daniel.longoria@mail.com
812,Willie,Bouknight,willie.bouknight@mail.com
813,Celeste,Cruz,celeste.cruz@mail.com
814,Willie,Mchenry,willie.mchenry@mail.com
815,Allan,Perry,allan.perry@mail.com
816,Nancy,Rule,nancy.rule@mail.com
817,Stephen,Maldonado,stephen.maldonado@mail.com
818,Wayne,Dunn,wayne.dunn@mail.com
819,Jerry,Tyler,jerry.tyler@mail.com
820,Norman,Grubb,norman.grubb@mail.com
821,Roy,Wimbush,roy.wimbush@mail.com
822,Donald,Lamm,donald.lamm@mail.com
823,Jacqueline,Vasallo,jacqueline.vasallo@mail.com
824,Kristina,Morales,kristina.morales@mail.com
825,Amber,Mcvea,amber.mcvea@mail.com
826,Raymond,Evans,raymond.evans@mail.com
827,Deborah,Santillan,deborah.santillan@mail.com
828,Darryl,Derosier,darryl.derosier@mail.com
829,Julia,Bolden,julia.bolden@mail.com
830,Gladys,Mceachern,gladys.mceachern@mail.com
831,Donald,Victorine,donald.victorine@mail.com
832,Josephine,Whited,josephine.whited@mail.com
833,Anna,Lawrence,anna.lawrence@mail.com
834,Alfred,Garza,alfred.garza@mail.com
835,Nancy,Jones,nancy.jones@mail.com
836,Catalina,Balson,catalina.balson@mail.com
837,Sharon,Williams,sharon.williams@mail.com
838,Jeremy,Young,jeremy.young@mail.com
839,Linda,Trivino,linda.trivino@mail.com
840,Robert,Vanduzer,robert.vanduzer@mail.com
841,Charles,Olsen,charles.olsen@mail.com
842,Joan,Stanley,joan.stanley@mail.com
843,Micheal,Clark,micheal.clark@mail.com
844,Patricia,Shepherd,patricia.shepherd@mail.com
845,Ronnie,Garcia,ronnie.garcia@mail.com
846,Bob,Couch,bob.couch@mail.com
847,Jorge,Ruel,jorge.ruel@mail.com
848,Debbie,Gentry,debbie.gentry@mail.com
849,Virginia,Carpenter,virginia.carpenter@mail.com
850,Jay,Newby,jay.newby@mail.com
851,Harry,Greene,harry.greene@mail.com
852,Jerry,Bibb,jerry.bibb@mail.com
853,Sandra,Phillips,sandra.phillips@mail.com
854,Amber,Obrien,amber.obrien@mail.com
855,Ruth,Harper,ruth.harper@mail.com
856,Ruth,Duane,ruth.duane@mail.com
857,Odell,Crissman,odell.crissman@mail.com
858,Sarah,Doepke,sarah.doepke@mail.com
859,James,Davis,james.davis@mail.com
860,Darlene,Wimmer,darlene.wimmer@mail.com
861,Paula,Steiner,paula.steiner@mail.com
862,Johnnie,Carney,johnnie.carney@mail.com
863,Shari,Land,shari.land@mail.com
864,Jane,Sebastian,jane.sebastian@mail.com
865,Christopher,Carroll,christopher.carroll@mail.com
866,John,Anderson,john.anderson@mail.com
867,Lisa,Mcsherry,lisa.mcsherry@mail.com
868,Alisha,Adkins,alisha.adkins@mail.com
869,Theresa,Steele,theresa.steele@mail.com
870,Howard,Childers,howard.childers@mail.com
871,Crystal,Leigh,crystal.leigh@mail.com
872,Kathlyn,Hatter,kathlyn.hatter@mail.com
873,Larry,Pena,larry.pena@mail.com
874,Sylvia,Tippens,sylvia.tippens@mail.com
875,James,Vinson,james.vinson@mail.com
876,Rosalva,Thompson,rosalva.thompson@mail.com
877,Andrea,Ali,andrea.ali@mail.com
878,Frank,Gay,frank.gay@mail.com
879,Ana,Bass,ana.bass@mail.com
880,Althea,Johnson,althea.johnson@mail.com
881,Marvin,Stroupe,marvin.stroupe@mail.com
882,Steve,Sanders,steve.sanders@mail.com
883,Lori,Yarboro,lori.yarboro@mail.com
884,David,Courter,david.courter@mail.com
885,Gloria,Vincent,gloria.vincent@mail.com
886,Trenton,Hunt,trenton.hunt@mail.com
887,Tawanna,Moya,tawanna.moya@mail.com
888,Christopher,Ramey,christopher.ramey@mail.com
889,Ezra,Jones,ezra.jones@mail.com
890,Alton,Lucey,alton.lucey@mail.com
891,Charity,Crane,charity.crane@mail.com
892,Alphonso,Baxley,alphonso.baxley@mail.com
893,Krysta,Charon,krysta.charon@mail.com
894,Nicole,Kessel,nicole.kessel@mail.com
895,Jeremy,Howard,jeremy.howard@mail.com
896,Suzanne,Hattabaugh,suzanne.hattabaugh@mail.com
897,Helene,Gutierrez,helene.gutierrez@mail.com
898,Alberta,Freeman,alberta.freeman@mail.com
899,Ramon,Lard,ramon.lard@mail.com
900,Teresa,Harris,teresa.harris@mail.com
901,Teresa,Simpson,teresa.simpson@mail.com
902,Marie,Mccumber,marie.mccumber@mail.com
903,Richard,Cannon,richard.cannon@mail.com
904,Laura,Barlow,laura.barlow@mail.com
905,Joyce,Lewis,joyce.lewis@mail.com
906,Francis,Aguirre,francis.aguirre@mail.com
907,Patrick,Valdez,patrick.valdez@mail.com
908,Sheila,Armstrong,sheila.armstrong@mail.com
909,Rene,Kirkwood,rene.kirkwood@mail.com
910,Henry,Phelps,henry.phelps@mail.com
911,Ryan,Quilliams,ryan.quilliams@mail.com
912,Gary,Eash,gary.eash@mail.com
913,Joyce,Seitz,joyce.seitz@mail.com
914,Donald,Gertelman,donald.gertelman@mail.com
915,Jenny,Austin,jenny.austin@mail.com
916,James,Ringler,james.ringler@mail.com
917,Walter,Olson,walter.olson@mail.com
918,Travis,Kats,travis.kats@mail.com
919,Thomas,Madison,thomas.madison@mail.com
920,Johnna,Evans,johnna.evans@mail.com
921,Louis,Ducharme,louis.ducharme@mail.com
922,Crystal,Sayre,crystal.sayre@mail.com
923,Marie,Mckinney,marie.mckinney@mail.com
924,John,Garrett,john.garrett@mail.com
925,Rosalba,Sanchez,rosalba.sanchez@mail.com
926,Ernestine,Jennings,ernestine.jennings@mail.com
927,Stephanie,Whittier,stephanie.whittier@mail.com
928,Renee,Scales,renee.scales@mail.com
929,Francisca,Hallett,francisca.hallett@mail.com
930,Doreen,Rosas,doreen.rosas@mail.com
931,Harold,Charles,harold.charles@mail.com
932,Teresa,Adkins,teresa.adkins@mail.com
933,Ivan,Niese,ivan.niese@mail.com
934,Kyle,No,kyle.no@mail.com
935,David,Graham,david.graham@mail.com
936,Eric,Ugalde,eric.ugalde@mail.com
937,Joshua,Sharp,joshua.sharp@mail.com
938,Mabel,Rowe,mabel.rowe@mail.com
939,Jeremy,Worley,jeremy.worley@mail.com
940,Harry,Mciver,harry.mciver@mail.com
941,Charles,Mays,charles.mays@mail.com
942,Larry,Branham,larry.branham@mail.com
943,Debra,Edwards,debra.edwards@mail.com
944,Wanda,Lunn,wanda.lunn@mail.com
945,Richard,Minor,richard.minor@mail.com
946,Amanda,Herlocker,amanda.herlocker@mail.com
947,Elaine,Moye,elaine.moye@mail.com
948,Christina,Medeiros,christina.medeiros@mail.com
949,Lindsey,Letarte,lindsey.letarte@mail.com
950,Gary,Bogart,gary.bogart@mail.com
951,Matthew,Takemura,matthew.takemura@mail.com
952,Brian,Freeman,brian.freeman@mail.com
953,Matthew,Acuff,matthew.acuff@mail.com
954,Helen,Johnson,helen.johnson@mail.com
955,Theresa,Lehman,theresa.lehman@mail.com
956,Barbara,Roberts,barbara.roberts@mail.com
957,Scott,Smith,scott.smith@mail.com
958,Carla,Boyd,carla.boyd@mail.com
959,Lori,Mattox,lori.mattox@mail.com
960,Corey,Anderson,corey.anderson@mail.com
961,Lawrence,Coleman,lawrence.coleman@mail.com
962,Melissa,Ryan,melissa.ryan@mail.com
963,Anna,Wine,anna.wine@mail.com
964,Ashlea,Green,ashlea.green@mail.com
965,Connie,Andrews,connie.andrews@mail.com
966,Bobby,Wharton,bobby.wharton@mail.com
967,Rosella,Rivers,rosella.rivers@mail.com
968,Marceline,Collins,marceline.collins@mail.com
969,Timothy,Castillo,timothy.castillo@mail.com
970,Maria,Jarvis,maria.jarvis@mail.com
971,Jennifer,Wills,jennifer.wills@mail.com
972,Elbert,Marois,elbert.marois@mail.com
973,Nicole,Mcgrath,nicole.mcgrath@mail.com
974,Hilario,Jenkins,hilario.jenkins@mail.com
975,Mary,Ashe,mary.ashe@mail.com
976,Rudolph,Fernandez,rudolph.fernandez@mail.com
977,Kathy,Ramos,kathy.ramos@mail.com
978,Lillian,Wilks,lillian.wilks@mail.com
979,Hilda,Trexler,hilda.trexler@mail.com
980,Christopher,Lyster,christopher.lyster@mail.com
981,Jeffrey,Bettencourt,jeffrey.bettencourt@mail.com
982,Julian,Bird,julian.bird@mail.com
983,Brian,Filer,brian.filer@mail.com
984,Paris,Soucier,paris.soucier@mail.com
985,Kendall,Tedder,kendall.tedder@mail.com
986,Joe,Sites,joe.sites@mail.com
987,Hannah,Salinas,hannah.salinas@mail.com
988,Tami,Gelsinger,tami.gelsinger@mail.com
989,Daniel,Estrada,daniel.estrada@mail.com
990,Louise,Lee,louise.lee@mail.com
991,Bruce,Ramirez,bruce.ramirez@mail.com
992,Rebecca,Bowerman,rebecca.bowerman@mail.com
993,Connie,Banks,connie.banks@mail.com
994,Reba,Slade,reba.slade@mail.com
995,Lillian,Ahern,lillian.ahern@mail.com
996,Wilfred,Samuel,wilfred.samuel@mail.com
997,Felecia,Fillmore,felecia.fillmore@mail.com
998,Andrew,Rowlett,andrew.rowlett@mail.com
999,Helena,Kiser,helena.kiser@mail.com
1000,Brenda,Rankin,brenda.rankin@mail.com
